﻿<?xml version="1.0" encoding="utf-8" ?>
<PrizeQuotas name="SIBT" >
  <!--  
  //SIBT		             得奖数   成本小计
  //现金200元              3      1200      0.2%    0.002    odds="0.002"   odds="0.0"   count="0"  total="1200"
  //豪恩礼品价值119元      15               1.5%    0.015    odds="0.015"   odds="1.0"   count="0"  total=""
  //现金50元               20     2000      3%      0.03     odds="0.03"    odds="0.0"   count="0"  total="2000"
  //纪念奖(二合一数据线)   300    2400      95.3%   0.953    odds="0.953"   odds="0.0"   count="1"  total="2400"
  -->
  <PrizeQuota level="0" count="1"     odds="0.002"  ></PrizeQuota> 
  <PrizeQuota level="1" count="2"     odds="0.015"  ></PrizeQuota> 
  <PrizeQuota level="2" count="10"    odds="0.03"   ></PrizeQuota> 
  <PrizeQuota level="3" count="300"   odds="0.953"  ></PrizeQuota> 
</PrizeQuotas>
 